Individual,Population,Membership to Cluster 1,Membership to Cluster 2,AAT217,,,,AAT225,,,,AAT230,,,,AAT240,,,,AAT267,,,,AAT278,,,,MgSTS234,,,,MgSTS321,,,,MgSTS430,,,,MgSTS681,,,,MgSTS685,,,,MgSTS84,,,
10-AYR-10,AYR,0,1,189,195,,,115,,,,189,210,,,,,,,127,,,,131,,,,319,,,,293,,,,238,241,,,340,,,,251,,,,215,224,,
10-AYR-11,AYR,0,1,189,195,,,115,,,,210,,,,,,,,127,,,,131,,,,319,,,,,,,,238,,,,,,,,,,,,,,,
10-AYR-12,AYR,0,1,189,,,,115,,,,210,,,,105,,,,127,,,,131,,,,319,,,,293,,,,238,241,,,340,,,,251,,,,215,224,,
10-AYR-14,AYR,0,1,195,,,,115,,,,189,210,,,105,,,,127,,,,131,,,,311,319,,,293,,,,238,,,,340,351,,,251,,,,209,224,,
10-AYR-15,AYR,0,1,189,195,,,113,115,,,189,206,,,105,,,,127,,,,131,,,,311,319,,,293,,,,238,,,,340,,,,251,,,,215,224,,
10-AYR-16,AYR,0,1,189,195,,,115,,,,210,,,,105,,,,127,,,,131,,,,319,,,,293,,,,238,241,,,340,,,,251,,,,215,224,,
10-AYR-17,AYR,0,1,195,,,,113,115,,,189,210,,,,,,,127,,,,131,,,,319,,,,293,,,,238,,,,340,,,,251,,,,215,,,
10-AYR-19,AYR,0,1,195,,,,115,,,,210,,,,105,,,,127,,,,131,,,,319,,,,293,,,,238,,,,340,351,,,251,,,,215,224,,
10-AYR-3,AYR,0,1,195,,,,115,,,,210,,,,105,,,,127,,,,131,,,,311,319,,,293,,,,238,,,,351,,,,251,,,,215,224,,
10-AYR-4,AYR,0,1,189,195,,,115,,,,189,210,,,,,,,127,,,,131,,,,319,,,,293,,,,238,,,,340,,,,251,,,,215,,,
10-AYR-5,AYR,0,1,195,,,,115,,,,189,210,,,106,,,,127,,,,131,,,,311,319,,,293,,,,238,,,,340,,,,251,,,,215,224,,
10-AYR-6,AYR,0,1,189,195,,,115,,,,189,210,,,,,,,127,,,,131,,,,319,,,,303,,,,238,,,,340,,,,251,,,,215,224,,
10-AYR-7,AYR,0,1,189,,,,115,,,,189,,,,,,,,127,,,,131,,,,319,,,,293,,,,238,,,,340,,,,251,,,,224,,,
10-AYR-8,AYR,0,1,189,,,,115,,,,189,210,,,106,,,,127,,,,131,,,,272,319,,,293,303,,,238,269,,,340,,,,251,,,,209,224,,
10-AYR-9,AYR,0,1,189,195,,,115,,,,189,,,,105,,,,127,,,,131,,,,311,319,,,293,,,,238,,,,340,,,,251,,,,215,224,,
10-BAL-1,BAL,0,1,195,,,,115,,,,210,,,,,,,,127,,,,131,,,,317,319,,,293,,,,238,,,,340,,,,246,251,,,224,,,
10-BAL-10,BAL,0,1,195,198,,,115,,,,210,,,,,,,,127,,,,131,,,,,,,,293,,,,238,,,,,,,,,,,,223,,,
10-BAL-13,BAL,1,0,177,186,189,,115,122,,,184,210,,,99,,,,127,131,,,127,131,135,,317,,,,290,293,295,,238,,,,340,366,,,248,251,,,218,223,231,
10-BAL-14,BAL,1,0,177,186,189,,115,122,,,184,210,,,99,,,,127,,,,127,131,135,,317,,,,290,293,295,,238,,,,340,,,,248,251,,,218,223,231,
10-BAL-16,BAL,1,0,177,186,189,,115,122,,,184,210,,,99,,,,127,,,,127,131,135,,317,,,,290,293,295,,238,,,,340,,,,248,251,,,218,223,231,
10-BAL-17,BAL,1,0,177,189,,,115,122,,,184,210,,,99,,,,127,,,,127,131,135,,317,,,,290,293,295,,239,,,,340,,,,248,251,,,218,223,231,
10-BAL-19,BAL,1,0,177,189,,,115,122,,,184,210,,,99,,,,127,,,,127,131,135,,317,,,,290,293,295,,239,,,,340,,,,248,251,,,218,223,,
10-BAL-2,BAL,0,1,195,,,,115,,,,210,,,,,,,,127,,,,131,,,,,,,,293,,,,239,,,,340,,,,246,251,,,224,,,
10-BAL-20,BAL,0,1,195,198,,,115,,,,210,,,,,,,,127,,,,131,,,,311,319,,,293,,,,238,,,,340,,,,251,,,,223,,,
10-BAL-27,BAL,0,1,195,198,,,115,,,,210,,,,,,,,127,,,,131,,,,311,319,,,293,,,,239,,,,340,351,,,251,,,,223,,,
10-BAL-3,BAL,0,1,195,,,,115,,,,210,,,,,,,,127,,,,131,,,,317,319,,,293,,,,238,,,,340,,,,246,251,,,224,,,
10-BAL-4,BAL,0,1,195,,,,115,,,,210,,,,,,,,127,,,,131,,,,317,319,,,293,,,,238,,,,340,,,,246,251,,,224,,,
10-BAL-5,BAL,0,1,195,,,,115,,,,210,,,,,,,,127,,,,131,,,,317,319,,,293,,,,238,,,,340,,,,246,251,,,224,,,
10-BAL-6,BAL,0,1,195,,,,115,,,,210,,,,,,,,127,,,,131,,,,317,319,,,293,,,,238,,,,340,,,,246,251,,,224,,,
10-BAL-7,BAL,0,1,195,,,,115,,,,210,,,,,,,,127,,,,131,,,,317,319,,,293,,,,238,,,,340,,,,246,251,,,224,,,
10-BAL-8,BAL,0,1,195,,,,115,,,,210,,,,,,,,127,,,,131,,,,317,319,,,293,,,,239,,,,340,,,,246,251,,,224,,,
10-CER-1,CER,0,1,189,195,,,113,115,,,206,210,,,,,,,127,,,,131,,,,311,319,,,293,,,,238,241,,,340,351,,,242,251,,,224,,,
10-CER-11,CER,0,1,189,195,,,113,115,,,206,210,,,105,,,,127,,,,129,,,,311,,,,293,303,,,241,,,,340,351,,,242,251,,,224,,,
10-CER-12,CER,0,1,189,195,,,115,,,,206,210,,,,,,,127,,,,129,131,,,319,,,,293,,,,238,241,,,340,351,,,242,251,,,215,224,,
10-CER-13,CER,0,1,189,195,,,113,115,,,206,210,,,105,,,,127,,,,129,131,,,311,319,,,303,,,,238,241,,,340,351,,,242,251,,,224,,,
10-CER-2,CER,0,1,189,195,,,115,,,,206,210,,,99,105,,,127,,,,129,131,,,319,,,,293,303,,,241,,,,340,351,,,251,,,,215,224,,
10-CER-23,CER,0,1,189,,,,113,115,,,206,210,,,,,,,127,,,,129,131,,,311,,,,293,303,,,238,241,,,340,351,,,242,251,,,215,224,,
10-CER-24,CER,0,1,189,195,,,113,115,,,206,210,,,105,,,,127,,,,129,131,,,311,319,,,293,303,,,238,241,,,340,,,,242,251,,,215,224,,
10-CER-25,CER,0,1,189,195,,,113,115,,,206,210,,,105,,,,127,,,,129,131,,,311,319,,,293,303,,,238,241,,,340,351,,,242,251,,,215,224,,
10-CER-26,CER,0,1,189,195,,,113,115,,,206,210,,,105,,,,127,,,,129,131,,,311,319,,,293,303,,,238,241,,,340,351,,,242,251,,,215,224,,
10-CER-27,CER,0,1,189,195,,,113,115,,,206,210,,,105,,,,127,,,,129,131,,,311,319,,,293,303,,,238,241,,,340,351,,,242,251,,,215,224,,
10-CER-28,CER,0,1,189,195,,,113,115,,,206,210,,,105,,,,127,,,,129,131,,,311,319,,,293,303,,,238,241,,,340,351,,,242,251,,,215,224,,
10-CER-4,CER,0,1,189,195,,,113,,,,206,210,,,105,,,,127,,,,129,131,,,319,,,,293,303,,,241,,,,340,351,,,242,251,,,215,224,,
10-CER-5,CER,0,1,189,,,,113,115,,,210,,,,99,105,,,127,,,,129,131,,,319,,,,293,303,,,238,241,,,340,351,,,242,251,,,224,,,
10-CER-6,CER,0,1,189,195,,,113,115,,,206,,,,105,,,,127,,,,129,,,,319,,,,293,303,,,238,241,,,340,351,,,242,251,,,215,,,
10-CER-8,CER,0,1,195,,,,115,,,,210,,,,105,,,,127,,,,129,131,,,311,,,,293,,,,238,241,,,340,,,,242,,,,215,224,,
10-CER-9,CER,0,1,189,,,,113,115,,,210,,,,,,,,127,,,,129,131,,,319,,,,293,303,,,238,241,,,351,,,,251,,,,215,224,,
10-COL-1,COL,0,1,195,198,,,,,,,210,,,,99,,,,127,,,,131,,,,317,319,,,293,,,,238,,,,340,,,,251,,,,224,,,
10-COL-10,COL,1,0,177,186,,,122,,,,179,184,,,94,99,,,117,131,,,127,129,135,,317,,,,290,295,,,238,,,,340,366,,,248,251,,,226,231,,
10-COL-11,COL,0,1,189,195,,,,,,,204,210,,,,,,,127,,,,131,,,,311,319,,,293,,,,241,,,,340,351,,,251,,,,224,,,
10-COL-12,COL,0,1,,,,,,,,,,,,,99,,,,127,,,,129,131,,,311,319,,,293,,,,241,,,,340,,,,246,,,,224,,,
10-COL-13,COL,1,0,177,186,,,122,,,,179,184,,,94,99,,,117,131,,,127,129,135,,317,,,,290,295,,,238,,,,340,366,,,248,251,,,226,231,,
10-COL-15,COL,0,1,189,195,,,115,,,,210,,,,,,,,127,,,,131,,,,319,,,,290,293,,,238,,,,340,,,,242,251,,,224,,,
10-COL-16,COL,0,1,189,192,,,115,,,,188,197,,,106,,,,127,,,,131,,,,317,,,,293,,,,238,,,,,,,,243,251,,,224,,,
10-COL-19,COL,0,1,189,195,,,,,,,197,210,,,99,,,,127,,,,131,,,,311,,,,293,,,,238,,,,340,,,,251,,,,224,,,
10-COL-20a,COL,1,0,177,186,,,122,,,,179,184,,,94,99,,,117,131,,,127,129,135,,317,,,,290,295,,,238,,,,340,366,,,248,251,,,227,231,,
10-COL-20b,COL,1,0,177,186,,,122,,,,179,184,,,94,99,,,117,131,,,127,129,135,,317,,,,290,295,,,238,,,,340,366,,,248,251,,,227,231,,
10-COL-20e,COL,1,0,177,186,,,122,,,,179,184,,,94,99,,,117,131,,,127,129,135,,317,,,,290,295,,,238,,,,340,366,,,248,251,,,226,231,,
10-COL-21,COL,0,1,195,,,,115,127,,,210,,,,99,,,,127,,,,131,,,,311,319,,,293,303,,,241,,,,340,,,,242,246,,,224,,,
10-COL-3,COL,0,1,195,,,,115,,,,197,210,,,105,,,,127,,,,131,,,,319,,,,293,303,,,238,241,,,340,,,,243,251,,,213,224,231,
10-COL-4,COL,0,1,189,195,,,,,,,197,210,,,99,,,,127,,,,129,131,,,317,319,,,293,,,,238,241,,,339,340,,,250,251,,,224,,,
10-COL-5,COL,0,1,195,,,,115,,,,210,,,,106,,,,127,,,,131,,,,319,,,,290,293,,,241,,,,340,,,,242,251,,,224,,,
10-COL-6,COL,0,1,195,,,,,,,,197,210,,,105,,,,127,,,,131,,,,311,317,,,293,,,,238,,,,340,,,,251,,,,223,,,
10-COL-7,COL,0,1,189,195,,,115,,,,210,,,,106,,,,127,,,,131,,,,319,,,,290,293,,,238,241,,,338,340,,,242,251,,,224,,,
10-COL-8,COL,0,1,195,,,,115,,,,210,,,,99,,,,127,,,,131,,,,311,317,,,293,,,,238,,,,340,,,,251,,,,215,,,
10-COL-9,COL,0,1,195,,,,115,,,,197,210,,,,,,,127,,,,131,,,,319,,,,293,,,,238,,,,338,340,,,243,251,,,224,,,
10-DBL-21,DBL,0,1,189,,,,115,,,,206,210,,,99,,,,127,,,,131,,,,317,319,,,290,293,,,238,241,,,338,,,,246,,,,215,,,
10-DBL-23,DBL,0,1,189,,,,115,,,,197,210,,,106,,,,127,,,,131,,,,317,319,,,293,,,,238,241,,,340,,,,243,,,,223,,,
10-DBL-24,DBL,0,1,189,195,,,115,,,,210,,,,,,,,127,,,,129,131,,,319,,,,293,,,,238,,,,340,,,,251,,,,224,,,
10-DBL-25,DBL,0,1,195,198,,,,,,,210,,,,,,,,127,,,,131,,,,317,319,,,293,,,,238,,,,338,340,,,251,,,,224,,,
10-DBL-26,DBL,0,1,198,,,,115,,,,210,,,,99,,,,127,,,,131,,,,317,,,,293,309,,,241,,,,338,340,,,246,,,,223,,,
10-DBL-27,DBL,0,1,189,198,,,,,,,186,,,,99,,,,127,,,,131,,,,317,,,,293,,,,239,,,,340,,,,243,,,,223,,,
10-DBL-28,DBL,0,1,189,,,,113,115,,,188,210,,,99,106,,,127,,,,131,,,,319,,,,293,303,,,238,,,,340,,,,251,,,,223,,,
10-DBL-30,DBL,0,1,189,198,,,115,,,,197,210,,,99,,,,127,,,,129,,,,319,,,,293,303,,,238,241,,,340,,,,242,,,,223,,,
10-DBL-31,DBL,0,1,195,198,,,115,,,,210,,,,,,,,127,,,,131,,,,319,,,,293,303,,,239,246,,,338,340,,,243,251,,,223,,,
10-DBL-33,DBL,0,1,195,,,,113,115,,,210,,,,99,106,,,127,,,,131,,,,317,319,,,293,303,,,238,,,,340,,,,251,,,,224,,,
10-DBL-34,DBL,0,1,189,195,,,113,115,,,210,,,,99,106,,,127,,,,131,,,,319,,,,293,303,,,238,241,,,340,351,,,242,251,,,224,,,
10-DBL-36,DBL,0,1,189,,,,115,,,,197,,,,99,105,,,127,,,,129,131,,,321,,,,293,303,,,238,,,,340,,,,242,251,,,224,,,
10-DBL-37,DBL,0,1,195,198,,,115,,,,186,,,,106,,,,127,,,,131,,,,317,,,,293,,,,238,241,,,340,,,,243,,,,223,,,
10-DBL-38,DBL,0,1,195,198,,,113,,,,186,210,,,99,106,,,127,,,,131,,,,319,,,,309,,,,238,,,,340,,,,251,,,,215,224,,
10-DBL-39,DBL,0,1,189,195,,,115,,,,186,210,,,99,105,,,127,,,,131,,,,319,,,,293,303,,,238,,,,340,,,,251,,,,224,,,
10-DBL-40,DBL,0,1,189,198,,,115,,,,186,210,,,99,,,,127,,,,131,,,,319,,,,293,309,,,238,,,,340,,,,251,,,,223,,,
10-DUR-1,DUR,0,1,195,,,,113,115,,,197,,,,99,,,,127,,,,129,131,,,311,319,,,293,303,,,241,,,,340,351,,,242,251,,,215,224,,
10-DUR-10,DUR,0,1,195,,,,115,,,,197,,,,99,,,,127,,,,129,131,,,311,319,,,293,303,,,241,,,,,,,,242,251,,,215,224,,
10-DUR-11,DUR,0,1,195,,,,113,115,,,197,,,,99,,,,127,,,,129,131,,,,,,,293,303,,,241,,,,340,,,,242,251,,,215,224,,
10-DUR-12,DUR,0,1,195,,,,113,115,,,197,,,,99,,,,127,,,,129,131,,,,,,,303,,,,241,,,,,,,,242,251,,,215,224,,
10-DUR-15,DUR,0,1,195,,,,113,,,,,,,,99,,,,127,,,,129,131,,,311,319,,,293,303,,,241,,,,340,351,,,242,251,,,215,224,,
10-DUR-17,DUR,0,1,195,,,,113,,,,,,,,99,,,,127,,,,129,131,,,311,319,,,293,303,,,241,,,,,,,,242,251,,,215,224,,
10-DUR-18,DUR,0,1,195,,,,113,115,,,197,,,,99,,,,127,,,,129,131,,,311,319,,,293,303,,,241,,,,,,,,242,251,,,215,224,,
10-DUR-2,DUR,0,1,195,,,,113,115,,,197,,,,99,,,,127,,,,129,131,,,311,319,,,293,303,,,241,,,,,,,,242,251,,,215,224,,
10-DUR-20,DUR,0,1,195,,,,113,,,,,,,,99,,,,127,,,,129,131,,,311,319,,,293,303,,,241,,,,351,,,,242,251,,,215,224,,
10-DUR-3,DUR,0,1,195,,,,113,115,,,197,,,,99,,,,127,,,,129,131,,,311,319,,,293,303,,,241,,,,,,,,242,251,,,215,224,,
10-DUR-4,DUR,0,1,195,,,,113,115,,,197,,,,99,,,,127,,,,129,131,,,,,,,293,303,,,241,,,,,,,,242,251,,,224,,,
10-DUR-5,DUR,0,1,195,,,,113,115,,,197,,,,99,,,,127,,,,129,131,,,311,,,,,,,,241,,,,340,351,,,242,,,,224,,,
10-DUR-6,DUR,0,1,195,,,,113,115,,,197,,,,99,,,,127,,,,129,131,,,311,,,,293,303,,,241,,,,340,351,,,242,251,,,215,224,,
10-GOO-1,GOO,1,0,177,186,189,,122,,,,184,210,,,94,99,,,127,,,,127,129,131,,319,,,,293,295,,,241,,,,340,366,,,248,251,,,215,218,223,231
10-GOO-10,GOO,1,0,177,186,189,,122,,,,184,210,,,99,,,,127,,,,127,129,131,,,,,,293,295,,,241,,,,,,,,,,,,218,223,231,
10-GOO-11,GOO,1,0,177,186,189,,122,,,,184,210,,,94,99,,,127,,,,127,129,131,,319,,,,293,295,,,241,,,,340,366,,,248,251,,,215,218,223,231
10-GOO-12,GOO,1,0,177,186,189,,122,,,,184,210,,,94,99,,,127,,,,127,129,131,,319,,,,293,295,,,241,,,,340,366,,,248,251,,,215,218,223,231
10-GOO-13,GOO,1,0,177,186,189,,122,,,,184,210,,,99,,,,127,,,,127,129,131,,319,,,,293,295,,,241,,,,,,,,248,251,,,215,218,223,231
10-GOO-14,GOO,1,0,177,186,189,,122,,,,184,210,,,94,99,,,127,,,,127,129,131,,319,,,,293,295,,,241,,,,340,366,,,248,251,,,215,218,223,231
10-GOO-15,GOO,1,0,177,186,189,,122,,,,184,210,,,94,99,,,127,,,,127,129,131,,319,,,,293,295,,,241,,,,340,366,,,248,251,,,215,218,223,231
10-GOO-16,GOO,1,0,177,186,189,,122,,,,184,210,,,94,99,,,127,,,,127,129,131,,319,,,,293,295,,,241,,,,340,366,,,248,251,,,215,218,223,231
10-GOO-17,GOO,1,0,177,186,189,,122,,,,184,210,,,94,99,,,127,,,,127,129,131,,319,,,,293,295,,,241,,,,340,366,,,248,251,,,215,218,223,231
10-GOO-18,GOO,1,0,177,186,189,,122,,,,184,210,,,99,,,,127,,,,127,129,131,,319,,,,293,295,,,241,,,,340,366,,,248,251,,,215,218,223,231
10-GOO-19,GOO,1,0,177,186,189,,122,,,,184,210,,,94,99,,,127,,,,127,129,131,,319,,,,293,295,,,241,,,,,,,,248,251,,,215,218,223,231
10-GOO-2,GOO,1,0,177,186,189,,122,,,,184,210,,,94,99,,,127,,,,127,129,131,,319,,,,293,295,,,241,,,,340,366,,,248,251,,,215,218,223,231
10-GOO-20,GOO,1,0,177,186,189,,122,,,,184,210,,,94,99,,,127,,,,127,129,131,,319,,,,293,295,,,241,,,,340,366,,,248,251,,,215,218,223,231
10-GOO-21,GOO,1,0,177,186,189,,122,,,,184,210,,,94,99,,,127,,,,127,129,131,,319,,,,293,295,,,241,,,,340,366,,,248,251,,,215,218,223,231
10-GOO-3,GOO,1,0,177,186,189,,122,,,,184,210,,,94,99,,,127,,,,127,129,131,,317,319,,,293,295,,,241,,,,340,366,,,248,251,,,215,218,223,231
10-GOO-4,GOO,1,0,177,186,189,,122,,,,184,210,,,94,99,,,127,,,,127,129,131,,319,,,,293,295,,,241,,,,340,366,,,248,251,,,215,218,223,231
10-GOO-5,GOO,1,0,177,186,189,,122,,,,184,210,,,94,99,,,127,,,,127,129,131,,319,,,,293,295,,,241,,,,,,,,248,251,,,215,218,223,231
10-GOO-7,GOO,1,0,177,186,189,,122,,,,184,210,,,94,99,,,127,,,,127,129,131,,319,,,,293,295,,,241,,,,,,,,248,251,,,215,218,223,231
10-GOO-8,GOO,1,0,177,186,189,,122,,,,184,210,,,94,99,,,117,127,131,,127,129,131,,317,319,,,293,295,,,241,,,,340,366,,,248,251,,,215,218,223,231
10-GOO-9,GOO,1,0,177,186,189,,122,,,,184,210,,,94,99,,,127,,,,127,129,131,,319,,,,293,295,,,241,,,,340,,,,248,251,,,215,218,223,231
10-HOU-1,HOU,0,1,195,,,,115,,,,197,210,,,,,,,127,,,,131,,,,319,,,,303,,,,241,,,,340,,,,251,,,,224,,,
10-HOU-10,HOU,0,1,195,,,,115,,,,197,210,,,,,,,127,,,,131,,,,311,319,,,303,,,,241,,,,340,,,,251,,,,215,224,,
10-HOU-11,HOU,0,1,189,195,,,115,,,,197,210,,,,,,,127,,,,131,,,,311,319,,,303,,,,241,,,,340,,,,246,251,,,215,224,,
10-HOU-12,HOU,0,1,189,195,,,115,,,,197,210,,,,,,,127,,,,131,,,,311,319,,,303,,,,241,,,,340,,,,246,251,,,215,224,,
10-HOU-13,HOU,0,1,195,,,,115,,,,197,210,,,,,,,127,,,,131,,,,311,,,,303,,,,241,,,,340,,,,251,,,,224,,,
10-HOU-14,HOU,0,1,195,,,,115,,,,197,210,,,,,,,127,,,,131,,,,311,319,,,303,,,,241,,,,340,,,,251,,,,224,,,
10-HOU-15,HOU,0,1,195,,,,115,,,,197,,,,,,,,127,,,,131,,,,,,,,303,,,,241,,,,340,,,,251,,,,215,224,,
10-HOU-16,HOU,0,1,195,,,,115,,,,197,,,,,,,,127,,,,131,,,,311,319,,,303,,,,241,,,,340,,,,251,,,,215,224,,
10-HOU-17,HOU,0,1,195,,,,115,,,,197,210,,,,,,,127,,,,131,,,,311,319,,,303,,,,241,,,,340,,,,251,,,,215,224,,
10-HOU-18,HOU,0,1,195,,,,115,,,,197,210,,,,,,,127,,,,131,,,,311,319,,,303,,,,241,,,,340,,,,251,,,,215,224,,
10-HOU-19,HOU,0,1,195,,,,115,,,,197,210,,,,,,,127,,,,131,,,,311,319,,,303,,,,241,,,,340,,,,251,,,,215,224,,
10-HOU-2,HOU,0,1,195,,,,115,,,,197,210,,,,,,,127,,,,131,,,,319,,,,303,,,,241,,,,340,,,,251,,,,224,,,
10-HOU-4,HOU,0,1,195,,,,115,,,,210,,,,,,,,127,,,,131,,,,311,319,,,303,,,,238,241,,,340,,,,251,,,,215,,,
10-HOU-5,HOU,0,1,195,,,,115,,,,210,,,,,,,,127,,,,131,,,,,,,,303,,,,238,241,,,,,,,251,,,,215,,,
10-HOU-6,HOU,0,1,189,195,,,115,,,,197,,,,,,,,127,,,,131,,,,311,,,,293,303,,,238,241,,,340,,,,251,,,,215,224,,
10-HOU-7,HOU,0,1,189,195,,,115,,,,197,210,,,,,,,127,,,,131,,,,311,319,,,303,,,,241,,,,340,,,,246,251,,,215,224,,
10-HOU-8,HOU,0,1,195,,,,115,,,,197,210,,,,,,,127,,,,131,,,,311,,,,303,,,,241,,,,340,,,,251,,,,215,224,,
10-HOU-9,HOU,0,1,195,,,,113,115,,,210,,,,,,,,127,,,,131,,,,311,317,,,293,303,,,238,241,,,340,,,,251,,,,215,,,
10-KES-1,KES,1,0,177,186,198,,122,,,,184,210,,,99,,,,117,127,131,,131,135,,,317,319,,,290,293,295,,238,,,,340,366,,,248,251,,,215,223,226,231
10-KES-10,KES,0,1,195,,,,115,,,,210,,,,99,,,,127,,,,131,,,,317,,,,293,,,,238,,,,340,,,,246,,,,224,,,
10-KES-11,KES,0,1,195,,,,115,,,,210,,,,99,,,,127,,,,131,,,,311,317,,,293,,,,238,,,,340,,,,243,246,,,224,,,
10-KES-12,KES,1,0,177,186,198,,122,,,,184,210,,,99,,,,127,,,,131,135,,,317,319,,,290,293,295,,238,252,,,340,366,,,248,251,,,215,223,226,231
10-KES-13,KES,0,1,195,,,,115,,,,210,,,,99,,,,127,,,,131,,,,317,,,,293,,,,238,,,,340,,,,246,,,,224,,,
10-KES-14,KES,0,1,189,195,,,113,115,,,210,,,,99,,,,127,,,,131,,,,317,,,,293,,,,238,,,,340,,,,243,246,,,224,,,
10-KES-15,KES,0,1,195,,,,115,,,,210,,,,99,,,,127,,,,131,,,,317,,,,293,,,,238,,,,340,,,,246,,,,224,,,
10-KES-16,KES,0,1,189,,,,115,,,,210,,,,99,,,,127,,,,131,,,,311,317,,,293,,,,241,,,,340,,,,243,,,,224,,,
10-KES-17,KES,0,1,189,195,,,115,,,,210,,,,99,,,,127,,,,131,,,,311,317,,,293,,,,241,,,,340,,,,243,246,,,224,,,
10-KES-18,KES,0,1,189,,,,113,,,,206,,,,,,,,127,,,,131,,,,319,,,,293,,,,238,,,,340,,,,243,251,,,224,,,
10-KES-19,KES,0,1,195,,,,115,,,,210,,,,,,,,127,,,,131,,,,,,,,,,,,,,,,,,,,243,,,,224,,,
10-KES-2,KES,0,1,189,192,,,113,,,,206,,,,105,,,,127,,,,131,,,,319,,,,293,,,,238,,,,340,,,,243,,,,224,,,
10-KES-20,KES,0,1,195,,,,115,,,,210,,,,99,,,,127,,,,131,,,,,,,,,,,,239,,,,,,,,246,,,,224,,,
10-KES-3,KES,0,1,195,,,,113,,,,210,,,,99,,,,127,,,,131,,,,311,317,,,293,,,,238,,,,340,,,,243,246,,,224,,,
10-KES-4,KES,0,1,195,,,,113,115,,,210,,,,99,,,,127,,,,131,,,,317,,,,293,,,,238,241,,,340,,,,246,,,,224,,,
10-KES-5,KES,0,1,195,,,,115,,,,210,,,,99,,,,127,,,,131,,,,317,,,,293,,,,238,241,,,340,,,,246,,,,224,,,
10-KES-6,KES,1,0,177,186,198,,122,,,,184,210,,,99,,,,127,,,,131,135,,,317,319,,,290,293,295,,238,251,,,340,366,,,248,251,,,215,223,226,231
10-KES-7,KES,1,0,177,186,198,,122,,,,184,210,,,99,,,,117,127,131,,131,135,,,317,319,,,290,293,295,,238,251,,,340,366,,,248,251,,,215,223,226,231
10-KES-8,KES,0,1,195,,,,115,,,,210,,,,99,,,,127,,,,131,,,,317,,,,293,,,,238,,,,340,,,,246,,,,224,,,
10-KES-9,KES,0,1,189,,,,115,,,,210,,,,99,,,,127,,,,131,,,,311,317,,,293,,,,238,241,,,340,,,,246,,,,224,,,
10-MER-1,MER,1,0,177,186,189,,122,,,,184,210,,,94,99,,,117,127,131,,127,129,131,,317,319,,,293,295,,,241,252,,,340,366,,,248,251,,,215,218,223,231
10-MER-10,MER,1,0,177,186,189,,122,,,,184,210,,,94,99,,,117,127,131,,127,129,131,,319,,,,293,295,,,241,,,,340,,,,248,251,,,215,218,223,231
10-MER-11,MER,1,0,177,186,189,,122,,,,184,210,,,94,99,,,127,131,,,127,129,131,,319,,,,293,295,,,241,,,,340,366,,,248,251,,,215,218,223,231
10-MER-13,MER,1,0,177,186,189,,122,,,,184,210,,,99,,,,127,,,,127,129,131,,,,,,293,295,,,241,,,,,,,,248,251,,,215,218,223,231
10-MER-14,MER,1,0,177,186,189,,122,,,,184,210,,,94,99,,,127,131,,,127,129,131,,319,,,,293,295,,,241,,,,340,366,,,248,251,,,215,218,223,231
10-MER-15,MER,1,0,177,186,189,,122,,,,184,210,,,94,99,,,127,131,,,127,129,131,,317,319,,,293,295,,,241,,,,340,,,,248,251,,,215,218,223,231
10-MER-16,MER,1,0,177,186,189,,122,,,,184,210,,,94,99,,,127,131,,,127,129,131,,319,,,,293,295,,,241,,,,340,366,,,248,251,,,215,218,223,231
10-MER-17,MER,1,0,177,186,189,,122,,,,184,210,,,94,99,,,127,131,,,127,129,131,,319,,,,293,295,,,241,,,,340,,,,248,251,,,215,218,223,231
10-MER-19,MER,1,0,177,186,189,,122,,,,184,210,,,94,99,,,117,127,131,,127,129,131,,317,319,,,293,295,,,241,252,,,340,366,,,248,251,,,215,218,223,231
10-MER-2,MER,1,0,177,186,189,,122,,,,184,210,,,94,99,,,127,131,,,127,129,131,,319,,,,293,295,,,241,,,,340,366,,,248,251,,,215,218,223,231
10-MER-20,MER,1,0,177,186,189,,122,,,,184,210,,,94,99,,,127,,,,127,129,131,,317,319,,,293,295,,,241,,,,340,366,,,248,251,,,215,218,223,231
10-MER-21,MER,1,0,177,186,189,,122,,,,184,210,,,94,99,,,127,,,,127,129,131,,319,,,,293,295,,,241,,,,340,366,,,248,251,,,215,218,223,231
10-MER-4,MER,1,0,177,186,189,,122,,,,184,210,,,94,99,,,127,131,,,127,129,131,,319,,,,293,295,,,241,,,,340,366,,,248,251,,,215,218,223,231
10-MER-5,MER,1,0,177,186,189,,122,,,,184,210,,,94,99,,,127,,,,127,129,131,,319,,,,293,295,,,241,,,,340,,,,248,251,,,215,218,223,231
10-MER-6,MER,1,0,177,186,189,,122,,,,184,210,,,94,99,,,127,131,,,127,129,131,,317,319,,,293,295,,,241,,,,340,366,,,248,251,,,215,218,223,231
10-MER-7,MER,1,0,177,186,189,,122,,,,184,210,,,99,,,,127,131,,,127,129,131,,317,319,,,293,295,,,241,,,,340,366,,,248,251,,,215,218,223,231
10-MER-8,MER,1,0,177,186,189,,122,,,,184,210,,,94,99,,,127,131,,,127,129,131,,319,,,,293,295,,,241,242,,,340,366,,,248,251,,,215,218,223,231
10-MER-9,MER,1,0,177,186,189,,122,,,,184,210,,,94,99,,,127,,,,127,129,131,,319,,,,293,295,,,241,,,,340,366,,,248,251,,,215,218,223,231
10-NEN-10,NEN,1,0,177,186,189,,115,122,,,179,210,,,94,99,,,127,,,,129,131,,,317,319,,,289,293,295,,238,249,,,340,366,,,247,251,,,223,227,231,
10-NEN-11,NEN,1,0,177,186,189,,115,122,,,179,210,,,94,99,,,127,,,,129,131,,,319,,,,289,293,295,,238,,,,340,,,,247,251,,,223,227,231,
10-NEN-12,NEN,1,0,177,186,189,,115,122,,,179,210,,,99,,,,127,,,,129,131,,,,,,,,,,,238,,,,,,,,247,251,,,223,227,,
10-NEN-13,NEN,1,0,177,186,189,,115,122,,,179,210,,,99,,,,127,,,,129,131,,,,,,,289,293,295,,239,,,,,,,,247,251,,,223,227,,
10-NEN-14,NEN,1,0,177,186,189,,115,122,,,179,210,,,99,,,,127,,,,129,131,,,319,,,,289,293,295,,238,,,,340,,,,247,251,,,223,227,,
10-NEN-16,NEN,1,0,177,186,189,,115,122,,,179,210,,,94,99,,,127,,,,129,131,,,319,,,,289,293,295,,238,,,,340,,,,247,251,,,223,227,231,
10-NEN-18,NEN,1,0,177,186,189,,115,122,,,179,210,,,99,,,,127,,,,129,131,,,,,,,,,,,,,,,,,,,,,,,223,227,231,
10-NEN-20,NEN,1,0,177,186,189,,115,122,,,179,210,,,94,99,,,127,,,,129,131,,,317,319,,,289,293,295,,238,,,,340,366,,,247,251,,,223,227,231,
10-NEN-21,NEN,1,0,177,186,189,,115,122,,,179,210,,,94,99,,,117,127,131,,129,131,,,317,319,,,289,293,295,,238,249,,,340,366,,,247,251,,,223,227,231,
10-NEN-22,NEN,1,0,177,186,189,,115,122,,,179,210,,,94,99,,,127,,,,129,131,,,,,,,,,,,,,,,,,,,,,,,223,227,231,
10-NEN-23,NEN,1,0,177,186,189,,115,122,,,179,210,,,94,99,,,127,,,,129,131,,,319,,,,,,,,238,,,,340,,,,247,251,,,223,227,231,
10-NEN-25,NEN,1,0,177,186,189,,115,122,,,179,210,,,94,99,,,127,,,,129,131,,,317,319,,,289,293,295,,238,249,,,340,366,,,247,251,,,223,227,231,
10-NEN-26,NEN,1,0,177,186,189,,115,122,,,179,210,,,94,99,,,127,,,,129,131,,,319,,,,289,293,295,,238,,,,340,,,,247,251,,,223,227,231,
10-NEN-27,NEN,1,0,177,186,189,,115,122,,,179,210,,,94,99,,,127,,,,129,131,,,317,319,,,289,293,295,,238,,,,340,,,,247,251,,,223,227,231,
10-NEN-29,NEN,1,0,177,186,189,,115,122,,,179,210,,,94,99,,,127,,,,129,131,,,,,,,,,,,,,,,,,,,,,,,,,,
10-NEN-30,NEN,1,0,177,186,189,,115,122,,,179,210,,,94,99,,,117,127,131,,129,131,,,317,319,,,289,293,295,,238,249,,,340,366,,,247,251,,,223,227,231,
10-NEN-31,NEN,1,0,186,189,,,115,122,,,179,210,,,,,,,127,,,,129,131,,,,,,,289,293,295,,238,,,,340,,,,247,251,,,223,227,231,
10-NOR-1,NOR,1,0,177,186,189,,122,,,,184,210,,,94,99,,,117,127,131,,127,129,131,,317,319,,,293,295,,,241,252,,,340,366,,,248,251,,,215,218,223,231
10-NOR-10,NOR,1,0,177,186,189,,122,,,,184,210,,,94,99,,,117,127,131,,127,129,131,,317,319,,,293,295,,,241,252,,,340,366,,,248,251,,,215,218,223,231
10-NOR-11,NOR,1,0,177,186,189,,122,,,,184,210,,,94,99,,,127,,,,127,129,131,,319,,,,293,295,,,241,,,,340,,,,248,251,,,215,218,223,231
10-NOR-12,NOR,1,0,177,186,189,,122,,,,184,210,,,99,,,,127,,,,127,129,131,,319,,,,293,295,,,241,,,,340,,,,248,251,,,215,218,223,231
10-NOR-13,NOR,1,0,177,186,189,,122,,,,184,210,,,94,99,,,127,131,,,127,129,131,,319,,,,293,295,,,241,,,,340,366,,,248,251,,,215,218,223,231
10-NOR-14,NOR,1,0,177,186,189,,122,,,,184,210,,,94,99,,,127,,,,127,129,131,,319,,,,293,295,,,241,,,,340,,,,248,251,,,215,218,223,231
10-NOR-15,NOR,1,0,177,186,189,,122,,,,184,210,,,94,99,,,127,131,,,127,129,131,,319,,,,293,295,,,241,,,,340,366,,,248,251,,,215,218,223,231
10-NOR-16,NOR,1,0,177,186,189,,122,,,,184,210,,,94,99,,,127,131,,,127,129,131,,319,,,,293,295,,,241,,,,340,366,,,248,251,,,215,218,223,231
10-NOR-17,NOR,1,0,177,186,189,,122,,,,184,210,,,99,,,,127,131,,,127,129,131,,319,,,,293,295,,,241,,,,340,366,,,248,251,,,215,218,223,231
10-NOR-19,NOR,1,0,177,186,189,,122,,,,184,210,,,94,99,,,127,131,,,127,129,131,,319,,,,293,295,,,241,,,,340,366,,,248,251,,,215,218,223,231
10-NOR-2,NOR,1,0,177,186,189,,122,,,,184,210,,,94,99,,,127,,,,127,129,131,,319,,,,293,295,,,241,,,,340,,,,248,251,,,215,218,223,231
10-NOR-20,NOR,1,0,177,186,189,,122,,,,184,210,,,94,99,,,127,,,,127,129,131,,319,,,,293,295,,,241,,,,340,,,,248,251,,,215,218,223,231
10-NOR-21,NOR,1,0,177,186,189,,122,,,,184,210,,,94,99,,,127,131,,,127,129,131,,319,,,,293,295,,,241,,,,340,366,,,248,251,,,215,218,223,231
10-NOR-22,NOR,1,0,177,186,189,,122,,,,184,210,,,94,99,,,127,131,,,127,129,131,,319,,,,293,295,,,241,,,,340,366,,,248,251,,,215,218,223,231
10-NOR-3,NOR,1,0,177,186,189,,122,,,,184,210,,,94,99,,,127,,,,127,129,131,,319,,,,293,295,,,241,,,,340,366,,,248,251,,,215,218,223,231
10-NOR-4,NOR,1,0,177,186,189,,122,,,,184,210,,,94,99,,,127,,,,127,129,131,,319,,,,293,295,,,241,,,,340,366,,,248,251,,,215,218,223,231
10-NOR-6,NOR,1,0,177,186,189,,122,,,,184,210,,,94,99,,,117,127,131,,127,129,131,,317,319,,,293,295,,,241,252,,,340,366,,,248,251,,,215,218,223,231
10-NOR-7,NOR,1,0,177,186,189,,122,,,,184,210,,,94,99,,,117,127,131,,127,129,131,,317,319,,,293,295,,,241,252,,,340,366,,,248,251,,,215,218,223,231
10-NOR-8,NOR,1,0,177,186,189,,122,,,,184,210,,,94,99,,,117,127,131,,127,129,131,,317,319,,,293,295,,,241,252,,,340,366,,,248,251,,,215,218,223,231
10-NOR-9,NOR,1,0,177,186,189,,122,,,,184,210,,,94,99,,,117,127,131,,127,129,131,,317,319,,,293,295,,,241,252,,,340,366,,,248,251,,,215,218,223,231
10-PIT-1,PIT,0,1,189,,,,115,,,,197,,,,105,,,,127,,,,131,,,,317,,,,293,,,,241,,,,340,,,,251,,,,224,,,
10-PIT-10,PIT,0,1,189,,,,115,,,,197,,,,105,,,,127,,,,131,,,,317,,,,293,,,,241,,,,340,,,,251,,,,224,,,
10-PIT-11,PIT,0,1,189,,,,115,,,,197,,,,105,,,,127,,,,131,,,,317,,,,293,,,,241,,,,340,,,,251,,,,224,,,
10-PIT-12,PIT,0,1,189,,,,115,,,,197,,,,105,,,,127,,,,131,,,,317,,,,293,,,,241,,,,340,,,,251,,,,224,,,
10-PIT-13,PIT,0,1,189,,,,115,,,,197,,,,105,,,,127,,,,131,,,,317,,,,293,,,,241,,,,340,,,,251,,,,224,,,
10-PIT-14,PIT,0,1,189,,,,115,,,,197,,,,105,,,,127,,,,131,,,,317,,,,293,,,,241,,,,340,,,,251,,,,224,,,
10-PIT-3,PIT,0,1,189,,,,115,,,,197,,,,105,,,,127,,,,131,,,,317,,,,293,,,,241,,,,340,,,,251,,,,224,,,
10-PIT-4,PIT,0,1,189,,,,115,,,,197,,,,105,,,,127,,,,131,,,,317,,,,293,,,,241,,,,340,,,,251,,,,224,,,
10-PIT-5,PIT,0,1,189,,,,115,,,,210,,,,105,,,,127,,,,131,,,,319,,,,293,,,,238,241,,,340,,,,251,,,,224,,,
10-PIT-6,PIT,0,1,189,,,,115,,,,197,,,,105,,,,127,,,,131,,,,317,,,,293,,,,241,,,,340,,,,251,,,,224,,,
10-PIT-8,PIT,0,1,189,,,,115,,,,197,,,,105,,,,127,,,,131,,,,317,,,,293,,,,241,,,,340,,,,251,,,,224,,,
10-PIT-9,PIT,0,1,189,,,,115,,,,197,,,,105,,,,127,,,,131,,,,317,,,,293,,,,241,,,,340,,,,251,,,,224,,,
10-PLY-1,PLY,1,0,177,186,195,,115,122,,,210,,,,94,99,,,117,127,131,,127,131,,,317,,,,293,295,,,238,251,,,340,366,,,247,251,,,215,224,227,
10-PLY-10,PLY,1,0,177,186,195,,115,122,,,210,,,,94,99,,,117,127,131,,127,131,,,317,,,,293,295,,,238,251,,,340,366,,,247,251,,,215,224,227,
10-PLY-11,PLY,1,0,177,186,195,,115,122,,,210,,,,94,99,,,127,,,,127,131,,,317,,,,293,295,,,238,,,,340,366,,,247,251,,,215,224,227,
10-PLY-12,PLY,1,0,177,186,195,,115,122,,,210,,,,94,99,,,127,,,,127,131,,,317,,,,293,295,,,238,,,,340,366,,,247,251,,,215,224,227,
10-PLY-13,PLY,1,0,177,186,195,,115,122,,,210,,,,94,99,,,117,127,131,,127,131,,,317,,,,293,295,,,238,251,,,340,366,,,247,251,,,215,224,227,
10-PLY-14,PLY,1,0,177,186,195,,115,122,,,210,,,,99,,,,127,,,,127,131,,,317,,,,293,295,,,238,,,,340,366,,,247,251,,,215,224,227,
10-PLY-15,PLY,1,0,177,186,195,,115,122,,,210,,,,94,99,,,127,,,,127,131,,,317,,,,293,295,,,238,251,,,340,366,,,247,251,,,215,224,227,
10-PLY-16,PLY,1,0,177,186,195,,115,122,,,210,,,,94,99,,,117,127,131,,127,131,,,317,,,,293,295,,,238,251,,,340,366,,,247,251,,,215,224,227,
10-PLY-17,PLY,1,0,177,186,195,,115,122,,,210,,,,94,99,,,117,127,131,,127,131,,,317,,,,293,295,,,239,252,,,340,366,,,247,251,,,215,224,227,
10-PLY-18,PLY,1,0,177,186,195,,115,122,,,210,,,,94,99,,,127,,,,127,131,,,317,,,,293,295,,,239,252,,,340,366,,,247,251,,,215,224,227,
10-PLY-2,PLY,1,0,177,186,195,,115,122,,,210,,,,94,99,,,117,127,131,,127,131,,,317,,,,293,295,,,238,251,,,340,366,,,247,251,,,215,224,227,
10-PLY-20,PLY,1,0,177,186,195,,115,122,,,210,,,,94,99,,,127,,,,127,131,,,317,,,,293,295,,,238,251,,,340,366,,,247,251,,,215,224,227,
10-PLY-21,PLY,1,0,177,186,195,,115,122,,,210,,,,94,99,,,127,,,,127,131,,,317,,,,293,295,,,238,,,,340,366,,,247,251,,,215,224,227,
10-PLY-22,PLY,1,0,177,186,195,,115,122,,,210,,,,94,99,,,117,127,131,,127,131,,,317,,,,293,295,,,238,251,,,340,366,,,247,251,,,215,224,227,
10-PLY-23,PLY,1,0,177,186,195,,115,122,,,210,,,,94,99,,,117,127,131,,127,131,,,317,,,,293,295,,,238,251,,,340,366,,,247,251,,,215,224,227,
10-PLY-24,PLY,1,0,177,186,195,,115,122,,,210,,,,94,99,,,117,127,131,,127,131,,,317,,,,293,295,,,238,251,,,340,366,,,247,251,,,215,224,227,
10-PLY-25,PLY,1,0,177,186,195,,115,122,,,210,,,,94,99,,,117,127,131,,127,131,,,317,,,,293,295,,,238,251,,,340,366,,,247,251,,,215,224,227,
10-PLY-26,PLY,1,0,177,186,195,,115,122,,,210,,,,94,99,,,127,,,,127,131,,,317,,,,293,295,,,238,,,,340,366,,,247,251,,,215,224,227,
10-PLY-27,PLY,1,0,177,186,195,,115,122,,,210,,,,94,99,,,127,,,,127,131,,,317,,,,293,295,,,238,251,,,340,366,,,247,251,,,215,224,227,
10-PLY-28,PLY,1,0,177,186,195,,115,122,,,210,,,,94,99,,,127,,,,127,131,,,317,,,,293,295,,,238,,,,340,366,,,247,251,,,227,,,
10-PLY-29,PLY,1,0,177,186,195,,115,122,,,210,,,,94,99,,,127,,,,127,131,,,317,,,,293,295,,,238,252,,,340,366,,,247,251,,,215,224,227,
10-PLY-3,PLY,1,0,177,186,195,,115,122,,,210,,,,94,99,,,117,127,131,,127,131,,,317,,,,293,295,,,238,251,,,340,366,,,247,251,,,215,224,227,
10-PLY-30,PLY,1,0,177,186,195,,115,122,,,210,,,,94,99,,,127,,,,127,131,,,317,,,,293,295,,,238,,,,340,366,,,247,251,,,215,224,227,
10-PLY-31,PLY,1,0,177,186,195,,115,122,,,210,,,,94,99,,,117,127,131,,127,131,,,317,,,,293,295,,,238,251,,,340,366,,,247,251,,,215,224,227,
10-PLY-32,PLY,1,0,177,186,195,,115,122,,,210,,,,94,99,,,127,,,,127,131,,,317,,,,293,295,,,238,251,,,340,366,,,247,251,,,215,224,227,
10-PLY-4,PLY,1,0,177,186,195,,115,122,,,210,,,,94,99,,,117,127,131,,127,131,,,317,,,,293,295,,,238,251,,,340,366,,,247,251,,,215,224,227,
10-PLY-5,PLY,1,0,177,186,195,,115,122,,,210,,,,94,99,,,117,127,131,,127,131,,,317,,,,293,295,,,238,251,,,340,366,,,248,251,,,215,224,227,
10-PLY-6,PLY,1,0,177,186,195,,115,122,,,210,,,,94,99,,,117,127,131,,127,131,,,317,,,,293,295,,,238,251,,,340,366,,,248,251,,,215,224,227,
10-PLY-7,PLY,1,0,177,186,195,,115,122,,,210,,,,94,99,,,117,127,131,,127,131,,,317,,,,293,295,,,238,251,,,340,366,,,247,251,,,215,224,227,
10-PLY-8,PLY,1,0,177,186,195,,115,122,,,210,,,,94,99,,,117,127,131,,127,131,,,317,,,,293,295,,,238,251,,,340,366,,,247,251,,,215,224,227,
10-PLY-9,PLY,1,0,177,186,195,,115,122,,,210,,,,94,99,,,117,127,131,,127,131,,,317,,,,293,295,,,238,251,,,340,366,,,247,251,,,215,224,227,
10-QUA-47,QUA,0,1,189,195,,,113,115,,,206,210,,,99,,,,127,,,,129,131,,,319,,,,293,,,,238,241,,,340,351,,,242,251,,,215,224,,
10-QUA-48,QUA,0,1,189,195,,,113,115,,,206,210,,,99,,,,127,,,,129,131,,,311,319,,,293,303,,,238,241,,,340,351,,,242,251,,,215,224,,
10-QUA-49,QUA,0,1,189,195,,,113,115,,,206,210,,,99,,,,127,,,,129,131,,,319,,,,293,,,,241,,,,340,,,,242,,,,224,,,
10-QUA-51,QUA,0,1,189,195,,,113,115,,,206,210,,,99,,,,127,,,,129,131,,,319,,,,293,,,,238,241,,,340,351,,,242,251,,,215,224,,
10-QUA-52,QUA,0,1,189,195,,,113,115,,,206,210,,,99,,,,127,,,,129,131,,,272,282,311,319,278,293,303,,238,241,269,,340,351,,,242,251,,,209,215,224,
10-QUA-54,QUA,0,1,189,195,,,113,115,,,206,210,,,99,,,,127,,,,129,131,,,311,319,,,293,303,,,238,241,,,340,351,,,242,251,,,215,224,,
10-QUA-55,QUA,0,1,189,,,,115,127,,,210,,,,99,,,,127,,,,129,131,,,319,,,,303,,,,238,241,,,340,351,,,242,,,,215,224,,
10-QUA-56,QUA,0,1,189,195,,,113,115,,,206,210,,,99,,,,127,,,,129,131,,,311,319,,,293,303,,,238,241,,,340,351,,,242,251,,,215,224,,
10-QUA-57,QUA,0,1,189,,,,113,,,,210,,,,99,,,,127,,,,129,,,,311,,,,293,303,,,241,,,,340,,,,242,,,,224,,,
10-QUA-58,QUA,0,1,189,195,,,113,115,,,206,210,,,99,,,,127,,,,129,131,,,319,,,,293,,,,238,241,,,340,351,,,242,251,,,215,224,,
10-QUA-59,QUA,0,1,189,195,,,113,115,,,206,210,,,99,,,,127,,,,129,131,,,319,,,,293,,,,238,241,,,340,351,,,242,251,,,215,224,,
10-QUA-60,QUA,0,1,189,195,,,113,115,,,206,210,,,99,,,,127,,,,129,131,,,319,,,,293,,,,238,241,,,340,351,,,242,251,,,215,224,,
10-QUA-61,QUA,0,1,189,195,,,113,115,,,206,210,,,99,,,,127,,,,129,131,,,319,,,,293,303,,,238,241,,,340,351,,,242,251,,,215,224,,
10-QUA-62,QUA,0,1,189,195,,,113,115,,,206,210,,,99,,,,127,,,,129,131,,,311,319,,,293,303,,,238,241,,,340,351,,,251,,,,215,224,,
10-QUA-63,QUA,0,1,189,195,,,113,115,,,206,210,,,99,,,,127,,,,129,131,,,319,,,,293,303,,,238,241,,,340,351,,,242,251,,,215,224,,
10-QUA-64,QUA,0,1,189,195,,,115,,,,210,,,,99,,,,127,,,,129,,,,311,319,,,293,303,,,238,241,,,340,,,,242,,,,224,,,
10-TOM-1,TOM,0,1,189,195,,,115,,,,197,,,,99,,,,127,,,,129,131,,,319,,,,293,,,,241,,,,340,351,,,246,,,,224,,,
10-TOM-10,TOM,0,1,189,192,,,115,,,,197,,,,99,,,,127,,,,131,,,,311,319,,,293,,,,241,,,,340,351,,,242,251,,,215,224,,
10-TOM-11,TOM,0,1,189,195,,,115,,,,197,,,,,,,,127,,,,129,131,,,319,,,,293,,,,241,,,,340,,,,246,251,,,224,,,
10-TOM-12,TOM,0,1,189,192,,,115,,,,197,,,,99,,,,127,,,,131,,,,311,319,,,293,,,,241,,,,340,351,,,242,251,,,215,224,,
10-TOM-14,TOM,0,1,189,,,,115,,,,197,,,,,,,,127,,,,129,131,,,311,319,,,293,,,,241,,,,340,,,,246,251,,,215,224,,
10-TOM-15,TOM,0,1,189,,,,115,,,,,,,,99,,,,127,,,,131,,,,319,,,,293,,,,241,,,,340,351,,,251,,,,224,,,
10-TOM-16,TOM,0,1,189,192,,,113,115,,,197,,,,99,,,,127,,,,131,,,,319,,,,293,,,,241,,,,340,351,,,242,246,,,215,224,,
10-TOM-18,TOM,0,1,192,195,,,113,115,,,197,,,,99,,,,127,,,,129,131,,,319,,,,293,303,,,241,,,,340,,,,246,251,,,215,223,,
10-TOM-19,TOM,0,1,192,195,,,113,115,,,197,,,,99,,,,127,,,,129,131,,,319,,,,293,303,,,241,,,,340,,,,246,251,,,215,223,,
10-TOM-2,TOM,0,1,189,195,,,115,,,,197,,,,,,,,127,,,,129,131,,,319,,,,293,,,,241,,,,340,351,,,246,251,,,224,,,
10-TOM-21,TOM,0,1,195,,,,113,115,,,197,,,,99,,,,127,,,,129,131,,,319,,,,293,303,,,241,,,,340,351,,,251,,,,215,224,,
10-TOM-22,TOM,0,1,192,195,,,113,115,,,197,,,,99,,,,127,,,,129,131,,,319,,,,293,303,,,241,,,,340,,,,246,251,,,215,223,,
10-TOM-23,TOM,0,1,192,195,,,113,115,,,197,,,,99,,,,127,,,,129,131,,,319,,,,293,,,,241,,,,340,351,,,246,251,,,224,,,
10-TOM-3,TOM,0,1,189,192,,,115,,,,197,,,,,,,,127,,,,129,131,,,311,319,,,293,,,,241,,,,340,351,,,251,,,,224,,,
10-TOM-4,TOM,0,1,,,,,115,,,,191,197,,,,,,,110,113,127,148,131,,,,311,319,,,293,,,,241,,,,340,,,,251,,,,215,224,,
10-TOM-5,TOM,0,1,189,192,,,115,,,,197,,,,99,,,,127,,,,131,,,,311,319,,,293,,,,241,,,,340,351,,,242,251,,,215,224,,
10-TOM-6,TOM,0,1,189,192,,,115,,,,197,,,,99,,,,127,,,,131,,,,311,319,,,293,,,,241,,,,340,351,,,242,251,,,215,224,,
10-TOM-7,TOM,0,1,189,192,,,115,,,,197,,,,99,,,,127,,,,131,,,,311,319,,,293,,,,241,,,,340,351,,,242,251,,,215,224,,
10-TOM-8,TOM,0,1,189,192,,,115,,,,197,,,,99,,,,127,,,,131,,,,311,319,,,293,,,,241,,,,340,351,,,242,251,,,215,224,,
10-TOM-9,TOM,0,1,192,195,,,113,115,,,197,,,,99,,,,127,,,,129,131,,,319,,,,293,303,,,241,,,,340,,,,246,251,,,215,223,,
10-WOL-12,WOL,1,0,177,186,189,,122,,,,184,210,,,94,99,,,127,,,,127,129,131,,319,,,,293,295,,,241,,,,340,366,,,248,251,,,215,218,223,231
10-WOL-15,WOL,1,0,177,186,189,,122,,,,184,210,,,94,99,,,127,,,,127,129,131,,319,,,,293,295,,,241,,,,340,,,,248,251,,,215,218,223,231
10-WOL-16,WOL,1,0,177,186,189,,122,,,,184,210,,,94,99,,,127,131,,,127,129,131,,317,319,,,293,295,,,241,,,,340,366,,,248,251,,,215,218,223,231
10-WOL-17,WOL,1,0,177,186,189,,122,,,,184,210,,,94,99,,,127,131,,,127,129,131,,317,319,,,293,295,,,241,,,,340,366,,,248,251,,,215,218,223,231
10-WOL-18R,WOL,1,0,177,186,189,,122,,,,184,210,,,94,99,,,127,,,,127,129,131,,319,,,,293,295,,,241,,,,340,,,,248,251,,,215,218,223,231
10-WOL-20,WOL,1,0,177,186,189,,122,,,,184,210,,,94,99,,,127,131,,,127,129,131,,317,319,,,293,295,,,241,,,,340,366,,,248,251,,,215,218,223,231
10-WOL-3,WOL,0,1,189,192,,,115,,,,206,210,,,105,,,,127,,,,131,,,,311,,,,293,,,,241,249,,,340,351,,,242,251,,,215,,,
10-WOL-4,WOL,1,0,177,186,189,,122,,,,184,210,,,99,,,,127,,,,127,129,131,,,,,,,,,,,,,,,,,,,,,,218,223,,
10-WOL-5,WOL,1,0,177,186,189,,122,,,,184,210,,,94,99,,,127,131,,,127,129,131,,317,319,,,293,295,,,241,,,,340,366,,,248,251,,,215,218,223,231
10-WOL-6,WOL,1,0,177,186,189,,122,,,,184,210,,,94,99,,,127,131,,,127,129,131,,319,,,,293,295,,,241,,,,340,366,,,248,251,,,215,218,223,231
10-WOL-7,WOL,1,0,177,186,189,,122,,,,184,210,,,94,99,,,127,,,,127,129,131,,319,,,,293,295,,,241,,,,340,366,,,248,251,,,215,218,223,231
10-WOL-8,WOL,1,0,177,186,189,,122,,,,184,210,,,94,99,,,127,,,,127,129,131,,319,,,,293,295,,,242,,,,340,366,,,248,251,,,218,223,231,
10-WOL-9,WOL,1,0,177,186,189,,122,,,,184,210,,,94,99,,,117,127,131,,127,129,131,,317,319,,,293,295,,,241,,,,340,366,,,248,251,,,215,218,223,231
